{
  "name": "stockpile-control-images/asset_1771106652967/asset_1771106652967_1771118933276.jpeg",
  "bucket": "stockpile-control-images.appspot.com",
  "metageneration": 1,
  "generation": 1771118934872,
  "contentType": "image/jpeg",
  "storageClass": "STANDARD",
  "contentDisposition": "inline",
  "downloadTokens": [
    "83e398d9-abfb-4408-aa94-81157a21a7f1"
  ],
  "etag": "9MgvD/zBe/Mx2K/e5n2yTR3UEjM",
  "customMetadata": {
    "stockpileId": "asset_1771106652967",
    "uploadedAt": "2026-02-15T01:28:53.277Z",
    "region": "southamerica-west1"
  },
  "timeCreated": "2026-02-15T01:28:54.872Z",
  "updated": "2026-02-15T01:28:54.872Z",
  "size": 88090,
  "md5Hash": "5p8VmlLLzF5+VmjjpiaEVw==",
  "crc32c": "3720295944"
}