{
  "name": "stockpile-control-images/asset_1771106652967/asset_1771106652967_1771123247362.jpeg",
  "bucket": "stockpile-control-images.appspot.com",
  "metageneration": 1,
  "generation": 1771123249269,
  "contentType": "image/jpeg",
  "storageClass": "STANDARD",
  "contentDisposition": "inline",
  "downloadTokens": [
    "efb441f3-f24e-45b2-9825-89e2307841be"
  ],
  "etag": "3r3eimt09NK9MG/7TClk5h0M+Do",
  "customMetadata": {
    "stockpileId": "asset_1771106652967",
    "uploadedAt": "2026-02-15T02:40:47.369Z",
    "region": "southamerica-west1"
  },
  "timeCreated": "2026-02-15T02:40:49.270Z",
  "updated": "2026-02-15T02:40:49.270Z",
  "size": 207165,
  "md5Hash": "wTiDNauBEPdM/Q+ZM37BSA==",
  "crc32c": "2899666943"
}