{
  "name": "stockpile-control-images/asset_1771106652967/asset_1771106652967_1771118679350.jpeg",
  "bucket": "stockpile-control-images.appspot.com",
  "metageneration": 1,
  "generation": 1771118681072,
  "contentType": "image/jpeg",
  "storageClass": "STANDARD",
  "contentDisposition": "inline",
  "downloadTokens": [
    "45bf96a3-4eb0-43cf-b9b5-3f54a050543e"
  ],
  "etag": "qeK3scgShVCx6x+p1C/j9vQngXU",
  "customMetadata": {
    "stockpileId": "asset_1771106652967",
    "uploadedAt": "2026-02-15T01:24:39.352Z",
    "region": "southamerica-west1"
  },
  "timeCreated": "2026-02-15T01:24:41.072Z",
  "updated": "2026-02-15T01:24:41.072Z",
  "size": 208961,
  "md5Hash": "jwetDrAgHTMpNBsEKO9IiQ==",
  "crc32c": "3720622440"
}